gesture_name,signer_id,accepted,pending,rejected,total,sessions
สวัสดี,person_01,16,0,0,16,4
สวัสดี,person_02,16,0,4,20,4
ขอโทษ,person_01,16,0,0,16,4
ขอโทษ,person_02,16,0,0,16,4
ไม่เป็นไร,person_01,16,0,0,16,4
ไม่เป็นไร,person_02,16,0,0,16,4
ขอบคุณ,person_01,16,0,0,16,4
ขอบคุณ,person_02,16,0,0,16,4
ใช่,person_01,18,0,0,18,4
ใช่,person_02,18,0,0,18,4
ไม่ใช่,person_01,16,0,0,16,4
ไม่ใช่,person_02,18,0,0,18,4
ช่วยด้วย,person_01,18,0,0,18,4
ช่วยด้วย,person_02,18,0,0,18,4
ห้องน้ำ,person_01,18,0,0,18,4
ห้องน้ำ,person_02,18,0,0,18,4
น้ำ,person_01,18,0,0,18,4
น้ำ,person_02,18,0,0,18,4
กิน,person_01,18,0,0,18,4
กิน,person_02,18,0,0,18,4
เจ็บ,person_01,18,0,0,18,4
เจ็บ,person_02,18,0,0,18,4
หมอ,person_01,18,0,0,18,4
หมอ,person_02,18,0,0,18,4
เข้าใจ,person_01,18,0,0,18,4
เข้าใจ,person_02,18,0,0,18,4
ไม่เข้าใจ,person_01,18,0,0,18,4
ไม่เข้าใจ,person_02,18,0,0,18,4
ต้องการ,person_01,18,0,1,19,4
ต้องการ,person_02,18,0,0,18,4
หยุด,person_01,18,0,0,18,4
หยุด,person_02,18,0,0,18,4
ไม่ต้อง,person_01,16,0,0,16,4
ไม่ต้อง,person_02,16,0,0,16,4
neutral,person_01,16,0,0,16,4
neutral,person_02,16,0,0,16,4
unknown,person_01,16,0,0,16,4
unknown,person_02,16,0,0,16,4
