clip_id,gesture_name,signer_id,session_id,recorded_at,camera_index,lighting,clip_number,quality,reference_url,sequence_file,preview_file,duration_frames,feature_count,dataset_version,notes,capture_mode,supersedes_clip_id,reason
0162ebdee87d4a1da694809ba3acfba2,neutral,person_03,session_07,2026-09-23T01:27:43+07:00,0,unknown,2,accepted,,clips/neutral/0162ebdee87d4a1da694809ba3acfba2.npy,previews/neutral/0162ebdee87d4a1da694809ba3acfba2.mp4,30,171,2,คลิปวัดผู้ใช้ใหม่ รอตรวจคุณภาพก่อนวัดผล,standard,,class_not_in_model
040ee7655b7a4a6f8af4111ce65a7efa,neutral,person_03,session_07,2026-09-23T01:27:40+07:00,0,unknown,1,accepted,,clips/neutral/040ee7655b7a4a6f8af4111ce65a7efa.npy,previews/neutral/040ee7655b7a4a6f8af4111ce65a7efa.mp4,30,171,2,คลิปวัดผู้ใช้ใหม่ รอตรวจคุณภาพก่อนวัดผล,standard,,class_not_in_model
07b4602b3db54966b934cf527e88bc1b,neutral,person_03,session_07,2026-09-23T01:27:49+07:00,0,unknown,4,accepted,,clips/neutral/07b4602b3db54966b934cf527e88bc1b.npy,previews/neutral/07b4602b3db54966b934cf527e88bc1b.mp4,30,171,2,คลิปวัดผู้ใช้ใหม่ รอตรวจคุณภาพก่อนวัดผล,standard,,class_not_in_model
07d22707f08747e3bae58e1a3926f119,unknown,person_03,session_06,2026-09-23T01:17:56+07:00,0,unknown,4,accepted,,clips/unknown/07d22707f08747e3bae58e1a3926f119.npy,previews/unknown/07d22707f08747e3bae58e1a3926f119.mp4,30,171,2,คลิปวัดผู้ใช้ใหม่ รอตรวจคุณภาพก่อนวัดผล,standard,,class_not_in_model
0e75a9c2e5ab4aaabb1da9dc53bca2db,unknown,person_03,session_03,2026-09-18T11:44:42+07:00,0,unknown,1,accepted,,clips/unknown/0e75a9c2e5ab4aaabb1da9dc53bca2db.npy,previews/unknown/0e75a9c2e5ab4aaabb1da9dc53bca2db.mp4,30,171,2,คลิปวัดผู้ใช้ใหม่ รอตรวจคุณภาพก่อนวัดผล,extra,,class_not_in_model
101edf9bd889439a9858c72ac6760327,unknown,person_03,session_05,2026-09-23T01:00:31+07:00,0,unknown,1,accepted,,clips/unknown/101edf9bd889439a9858c72ac6760327.npy,previews/unknown/101edf9bd889439a9858c72ac6760327.mp4,30,171,2,คลิปวัดผู้ใช้ใหม่ รอตรวจคุณภาพก่อนวัดผล,standard,,class_not_in_model
1cf5350ce29f4b5590b710b5ecdba763,unknown,person_03,session_07,2026-09-23T01:28:07+07:00,0,unknown,1,accepted,,clips/unknown/1cf5350ce29f4b5590b710b5ecdba763.npy,previews/unknown/1cf5350ce29f4b5590b710b5ecdba763.mp4,30,171,2,คลิปวัดผู้ใช้ใหม่ รอตรวจคุณภาพก่อนวัดผล,standard,,class_not_in_model
22cec3de7d1540a0af9125c35d37805f,neutral,person_03,session_06,2026-09-23T01:17:23+07:00,0,unknown,2,accepted,,clips/neutral/22cec3de7d1540a0af9125c35d37805f.npy,previews/neutral/22cec3de7d1540a0af9125c35d37805f.mp4,30,171,2,คลิปวัดผู้ใช้ใหม่ รอตรวจคุณภาพก่อนวัดผล,standard,,class_not_in_model
300e98b00a6a44faaf5ec74ef8c49eaf,unknown,person_03,session_06,2026-09-23T01:17:50+07:00,0,unknown,2,accepted,,clips/unknown/300e98b00a6a44faaf5ec74ef8c49eaf.npy,previews/unknown/300e98b00a6a44faaf5ec74ef8c49eaf.mp4,30,171,2,คลิปวัดผู้ใช้ใหม่ รอตรวจคุณภาพก่อนวัดผล,standard,,class_not_in_model
3810010a60bf4ded9bc3f9e6f1ed6278,unknown,person_03,session_05,2026-09-23T01:00:41+07:00,0,unknown,4,accepted,,clips/unknown/3810010a60bf4ded9bc3f9e6f1ed6278.npy,previews/unknown/3810010a60bf4ded9bc3f9e6f1ed6278.mp4,30,171,2,คลิปวัดผู้ใช้ใหม่ รอตรวจคุณภาพก่อนวัดผล,standard,,class_not_in_model
5350b15d0c634b8f9de10338d212a46a,unknown,person_03,session_01,2026-09-17T22:36:34+07:00,0,unknown,1,accepted,,clips/unknown/5350b15d0c634b8f9de10338d212a46a.npy,previews/unknown/5350b15d0c634b8f9de10338d212a46a.mp4,30,171,2,คลิปวัดผู้ใช้ใหม่ รอตรวจคุณภาพก่อนวัดผล,extra,,class_not_in_model
70755544c8d34387b6dc5a244bb679a4,neutral,person_03,session_07,2026-09-23T01:27:46+07:00,0,unknown,3,accepted,,clips/neutral/70755544c8d34387b6dc5a244bb679a4.npy,previews/neutral/70755544c8d34387b6dc5a244bb679a4.mp4,30,171,2,คลิปวัดผู้ใช้ใหม่ รอตรวจคุณภาพก่อนวัดผล,standard,,class_not_in_model
71e4fc61ea9740a98aeb21d57830aec9,neutral,person_03,session_02,2026-09-18T11:36:00+07:00,0,unknown,1,accepted,,clips/neutral/71e4fc61ea9740a98aeb21d57830aec9.npy,previews/neutral/71e4fc61ea9740a98aeb21d57830aec9.mp4,30,171,2,คลิปวัดผู้ใช้ใหม่ รอตรวจคุณภาพก่อนวัดผล,extra,,class_not_in_model
77e21443e752423c90d06b1a9cf357c5,neutral,person_03,session_05,2026-09-23T00:59:58+07:00,0,unknown,2,accepted,,clips/neutral/77e21443e752423c90d06b1a9cf357c5.npy,previews/neutral/77e21443e752423c90d06b1a9cf357c5.mp4,30,171,2,คลิปวัดผู้ใช้ใหม่ รอตรวจคุณภาพก่อนวัดผล,standard,,class_not_in_model
8449f063ade948fcb628d9a8eb6e1505,neutral,person_03,session_05,2026-09-23T01:00:01+07:00,0,unknown,3,accepted,,clips/neutral/8449f063ade948fcb628d9a8eb6e1505.npy,previews/neutral/8449f063ade948fcb628d9a8eb6e1505.mp4,30,171,2,คลิปวัดผู้ใช้ใหม่ รอตรวจคุณภาพก่อนวัดผล,standard,,class_not_in_model
848238755e9f41d4bb15c7562660cfa0,neutral,person_03,session_06,2026-09-23T01:17:26+07:00,0,unknown,3,accepted,,clips/neutral/848238755e9f41d4bb15c7562660cfa0.npy,previews/neutral/848238755e9f41d4bb15c7562660cfa0.mp4,30,171,2,คลิปวัดผู้ใช้ใหม่ รอตรวจคุณภาพก่อนวัดผล,standard,,class_not_in_model
87894db16d52474082294d13a21d78c2,unknown,person_03,session_04,2026-09-22T06:59:47+07:00,0,unknown,1,accepted,,clips/unknown/87894db16d52474082294d13a21d78c2.npy,previews/unknown/87894db16d52474082294d13a21d78c2.mp4,30,171,2,คลิปวัดผู้ใช้ใหม่ รอตรวจคุณภาพก่อนวัดผล,extra,,class_not_in_model
94b17168f5d34aabb2fcc94c728d2d84,neutral,person_03,session_05,2026-09-23T00:59:54+07:00,0,unknown,1,accepted,,clips/neutral/94b17168f5d34aabb2fcc94c728d2d84.npy,previews/neutral/94b17168f5d34aabb2fcc94c728d2d84.mp4,30,171,2,คลิปวัดผู้ใช้ใหม่ รอตรวจคุณภาพก่อนวัดผล,standard,,class_not_in_model
965bbd561a784e089a9e9f3cea4bc4a5,unknown,person_03,session_07,2026-09-23T01:28:10+07:00,0,unknown,2,accepted,,clips/unknown/965bbd561a784e089a9e9f3cea4bc4a5.npy,previews/unknown/965bbd561a784e089a9e9f3cea4bc4a5.mp4,30,171,2,คลิปวัดผู้ใช้ใหม่ รอตรวจคุณภาพก่อนวัดผล,standard,,class_not_in_model
a19e6ba0f5fe49439350e0d47f65099e,neutral,person_03,session_06,2026-09-23T01:17:20+07:00,0,unknown,1,accepted,,clips/neutral/a19e6ba0f5fe49439350e0d47f65099e.npy,previews/neutral/a19e6ba0f5fe49439350e0d47f65099e.mp4,30,171,2,คลิปวัดผู้ใช้ใหม่ รอตรวจคุณภาพก่อนวัดผล,standard,,class_not_in_model
a61a0fb423d24ed893c398bf2129fb07,unknown,person_03,session_05,2026-09-23T01:00:37+07:00,0,unknown,3,accepted,,clips/unknown/a61a0fb423d24ed893c398bf2129fb07.npy,previews/unknown/a61a0fb423d24ed893c398bf2129fb07.mp4,30,171,2,คลิปวัดผู้ใช้ใหม่ รอตรวจคุณภาพก่อนวัดผล,standard,,class_not_in_model
b03d2934af68444bb2336ed0261b74ba,neutral,person_03,session_04,2026-09-22T06:59:31+07:00,0,unknown,1,accepted,,clips/neutral/b03d2934af68444bb2336ed0261b74ba.npy,previews/neutral/b03d2934af68444bb2336ed0261b74ba.mp4,30,171,2,คลิปวัดผู้ใช้ใหม่ รอตรวจคุณภาพก่อนวัดผล,extra,,class_not_in_model
b2d3d14a8203445fa09be83ded2e1831,neutral,person_03,session_01,2026-09-17T22:36:12+07:00,0,unknown,1,accepted,,clips/neutral/b2d3d14a8203445fa09be83ded2e1831.npy,previews/neutral/b2d3d14a8203445fa09be83ded2e1831.mp4,30,171,2,คลิปวัดผู้ใช้ใหม่ รอตรวจคุณภาพก่อนวัดผล,extra,,class_not_in_model
b4ac14ca473044c1a352c6db4ed51aa3,neutral,person_03,session_05,2026-09-23T01:00:04+07:00,0,unknown,4,accepted,,clips/neutral/b4ac14ca473044c1a352c6db4ed51aa3.npy,previews/neutral/b4ac14ca473044c1a352c6db4ed51aa3.mp4,30,171,2,คลิปวัดผู้ใช้ใหม่ รอตรวจคุณภาพก่อนวัดผล,standard,,class_not_in_model
b77527ccafc34e33a0a49dff01c15d40,unknown,person_03,session_07,2026-09-23T01:28:13+07:00,0,unknown,3,accepted,,clips/unknown/b77527ccafc34e33a0a49dff01c15d40.npy,previews/unknown/b77527ccafc34e33a0a49dff01c15d40.mp4,30,171,2,คลิปวัดผู้ใช้ใหม่ รอตรวจคุณภาพก่อนวัดผล,standard,,class_not_in_model
c6b70ef611b54b09b2f1b236acabf760,unknown,person_03,session_07,2026-09-23T01:28:16+07:00,0,unknown,4,accepted,,clips/unknown/c6b70ef611b54b09b2f1b236acabf760.npy,previews/unknown/c6b70ef611b54b09b2f1b236acabf760.mp4,30,171,2,คลิปวัดผู้ใช้ใหม่ รอตรวจคุณภาพก่อนวัดผล,standard,,class_not_in_model
d5a6b896d1a447b298c564d081f4ae14,unknown,person_03,session_06,2026-09-23T01:17:53+07:00,0,unknown,3,accepted,,clips/unknown/d5a6b896d1a447b298c564d081f4ae14.npy,previews/unknown/d5a6b896d1a447b298c564d081f4ae14.mp4,30,171,2,คลิปวัดผู้ใช้ใหม่ รอตรวจคุณภาพก่อนวัดผล,standard,,class_not_in_model
d6f9b239819943cc923305989b1a63f8,unknown,person_03,session_06,2026-09-23T01:17:47+07:00,0,unknown,1,accepted,,clips/unknown/d6f9b239819943cc923305989b1a63f8.npy,previews/unknown/d6f9b239819943cc923305989b1a63f8.mp4,30,171,2,คลิปวัดผู้ใช้ใหม่ รอตรวจคุณภาพก่อนวัดผล,standard,,class_not_in_model
d8ca44e00f5540a89681be30d9ecc661,unknown,person_03,session_02,2026-09-18T11:36:31+07:00,0,unknown,1,accepted,,clips/unknown/d8ca44e00f5540a89681be30d9ecc661.npy,previews/unknown/d8ca44e00f5540a89681be30d9ecc661.mp4,30,171,2,คลิปวัดผู้ใช้ใหม่ รอตรวจคุณภาพก่อนวัดผล,extra,,class_not_in_model
daec370c62a146bebf7523c86d45deef,neutral,person_03,session_06,2026-09-23T01:17:30+07:00,0,unknown,4,accepted,,clips/neutral/daec370c62a146bebf7523c86d45deef.npy,previews/neutral/daec370c62a146bebf7523c86d45deef.mp4,30,171,2,คลิปวัดผู้ใช้ใหม่ รอตรวจคุณภาพก่อนวัดผล,standard,,class_not_in_model
f44e3c1dfbb24f67ba33e454ae643162,neutral,person_03,session_03,2026-09-18T11:44:25+07:00,0,unknown,1,accepted,,clips/neutral/f44e3c1dfbb24f67ba33e454ae643162.npy,previews/neutral/f44e3c1dfbb24f67ba33e454ae643162.mp4,30,171,2,คลิปวัดผู้ใช้ใหม่ รอตรวจคุณภาพก่อนวัดผล,extra,,class_not_in_model
fd6495050c5747abb8c3f9fd8ffa760f,unknown,person_03,session_05,2026-09-23T01:00:34+07:00,0,unknown,2,accepted,,clips/unknown/fd6495050c5747abb8c3f9fd8ffa760f.npy,previews/unknown/fd6495050c5747abb8c3f9fd8ffa760f.mp4,30,171,2,คลิปวัดผู้ใช้ใหม่ รอตรวจคุณภาพก่อนวัดผล,standard,,class_not_in_model
