actual\predicted,กิน,ขอบคุณ,ขอโทษ,ช่วยด้วย,ต้องการ,น้ำ,สวัสดี,หมอ,ห้องน้ำ,เข้าใจ,เจ็บ,ใช่,ไม่เข้าใจ,ไม่เป็นไร,ไม่ใช่
กิน,4,0,0,0,0,0,0,0,0,0,0,0,0,0,0
ขอบคุณ,0,6,0,0,0,0,0,0,0,0,0,0,0,0,0
ขอโทษ,0,0,6,0,0,0,0,0,0,0,0,0,0,0,0
ช่วยด้วย,0,0,0,4,0,0,0,0,0,0,0,0,0,0,0
ต้องการ,0,0,0,0,4,0,0,0,0,0,0,0,0,0,0
น้ำ,0,0,0,0,0,4,0,0,0,0,0,0,0,0,0
สวัสดี,0,0,0,0,0,0,6,0,0,0,0,0,0,0,0
หมอ,0,0,0,0,0,0,0,4,0,0,0,0,0,0,0
ห้องน้ำ,0,0,0,0,0,0,0,0,4,0,0,0,0,0,0
เข้าใจ,1,0,0,0,0,0,0,0,0,1,0,2,0,0,0
เจ็บ,0,0,0,0,0,0,0,0,0,0,4,0,0,0,0
ใช่,0,0,0,0,0,0,0,0,0,0,0,3,0,0,1
ไม่เข้าใจ,0,0,0,0,0,0,0,0,0,0,0,2,2,0,0
ไม่เป็นไร,0,0,0,0,0,0,0,0,0,0,0,0,0,6,0
ไม่ใช่,0,0,0,0,0,0,0,0,0,0,0,0,0,0,2
