class_name,precision,recall,f1,support
กิน,1.0,0.75,0.8571428571428571,8
ขอบคุณ,1.0,1.0,1.0,8
ขอโทษ,1.0,1.0,1.0,8
ช่วยด้วย,0.6666666666666666,0.5,0.5714285714285715,8
ต้องการ,1.0,1.0,1.0,8
น้ำ,0.0,0.0,0.0,8
สวัสดี,1.0,1.0,1.0,8
หมอ,0.8888888888888888,1.0,0.9411764705882353,8
หยุด,1.0,0.75,0.8571428571428571,8
ห้องน้ำ,1.0,0.875,0.9333333333333333,8
อะไร,0.7272727272727273,1.0,0.8421052631578948,8
เข้าใจ,0.875,0.875,0.875,8
เจ็บ,1.0,0.875,0.9333333333333333,8
ใช่,0.8888888888888888,1.0,0.9411764705882353,8
ไม่ต้อง,1.0,0.625,0.7692307692307693,8
ไม่เข้าใจ,0.5333333333333333,1.0,0.6956521739130436,8
ไม่เป็นไร,0.6666666666666666,1.0,0.8,8
ไม่ใช่,1.0,1.0,1.0,8
