actual\predicted,neutral,unknown,กิน,ขอบคุณ,ขอโทษ,ช่วยด้วย,ต้องการ,น้ำ,สวัสดี,หมอ,หยุด,ห้องน้ำ,เข้าใจ,เจ็บ,ใช่,ไม่ต้อง,ไม่เข้าใจ,ไม่เป็นไร,ไม่ใช่
neutral,4,0,0,0,0,0,0,0,0,0,0,0,0,0,0,0,0,0,0
unknown,0,3,0,0,0,0,0,0,0,0,0,0,0,0,1,0,0,0,0
กิน,0,1,3,0,0,0,0,0,0,0,0,0,0,0,0,0,0,0,0
ขอบคุณ,0,0,0,4,0,0,0,0,0,0,0,0,0,0,0,0,0,0,0
ขอโทษ,0,0,0,0,4,0,0,0,0,0,0,0,0,0,0,0,0,0,0
ช่วยด้วย,0,0,0,0,0,4,0,0,0,0,0,0,0,0,0,0,0,0,0
ต้องการ,0,0,0,0,0,0,4,0,0,0,0,0,0,0,0,0,0,0,0
น้ำ,0,0,0,0,0,0,0,4,0,0,0,0,0,0,0,0,0,0,0
สวัสดี,0,0,0,0,0,0,0,0,4,0,0,0,0,0,0,0,0,0,0
หมอ,0,0,0,0,0,0,0,0,0,4,0,0,0,0,0,0,0,0,0
หยุด,0,0,0,0,0,2,0,0,0,0,2,0,0,0,0,0,0,0,0
ห้องน้ำ,0,1,0,0,0,0,0,0,0,0,0,3,0,0,0,0,0,0,0
เข้าใจ,0,1,0,0,0,0,0,0,0,0,0,0,1,0,2,0,0,0,0
เจ็บ,0,0,0,0,0,0,0,0,0,0,0,0,0,4,0,0,0,0,0
ใช่,0,1,0,0,0,0,0,0,0,0,0,0,0,0,4,0,0,0,0
ไม่ต้อง,0,0,0,0,0,0,0,0,0,0,0,0,0,0,0,4,0,0,0
ไม่เข้าใจ,0,0,0,0,0,0,0,0,0,0,0,0,0,0,0,0,2,0,2
ไม่เป็นไร,0,0,0,0,0,0,0,0,0,0,0,0,0,0,0,0,0,4,0
ไม่ใช่,0,1,0,0,0,0,0,0,0,0,0,0,0,0,0,0,0,0,4
