experiment_id,created_at,target_gesture,mode,accuracy,macro_f1,passed,report_path
quick_20260816_152804_809320,2026-08-16T15:28:03+07:00,ไม่เข้าใจ,quick_trial,0.9428571428571428,0.9375,True,C:\Users\Ult_Orange\Desktop\Update2\experiments\quick_20260816_152804_809320\report.md
quick_20260814_091039_650858,2026-08-14T09:10:38+07:00,หยุด,quick_trial,0.9696969696969697,0.9644444444444444,True,C:\Users\Ult_Orange\Desktop\Update2\experiments\quick_20260814_091039_650858\report.md
quick_20260814_091018_365548,2026-08-14T09:10:17+07:00,ไม่เข้าใจ,quick_trial,0.9090909090909091,0.8867340067340067,False,C:\Users\Ult_Orange\Desktop\Update2\experiments\quick_20260814_091018_365548\report.md
quick_20260814_090938_819685,2026-08-14T09:09:37+07:00,ไม่เข้าใจ,quick_trial,0.9090909090909091,0.8867340067340067,False,C:\Users\Ult_Orange\Desktop\Update2\experiments\quick_20260814_090938_819685\report.md
quick_20260814_090921_234382,2026-08-14T09:09:20+07:00,ต้องการ,quick_trial,0.9516129032258065,0.9380952380952381,True,C:\Users\Ult_Orange\Desktop\Update2\experiments\quick_20260814_090921_234382\report.md
quick_20260814_090850_851564,2026-08-14T09:08:50+07:00,เข้าใจ,quick_trial,0.9827586206896551,0.9804639804639805,True,C:\Users\Ult_Orange\Desktop\Update2\experiments\quick_20260814_090850_851564\report.md
quick_20260814_084457_138357,2026-08-14T08:44:56+07:00,กิน,quick_trial,0.9629629629629629,0.9502645502645505,True,C:\Users\Ult_Orange\Desktop\Update2\experiments\quick_20260814_084457_138357\report.md
quick_20260814_084447_825705,2026-08-14T08:44:47+07:00,เจ็บ,quick_trial,0.9629629629629629,0.9583333333333334,True,C:\Users\Ult_Orange\Desktop\Update2\experiments\quick_20260814_084447_825705\report.md
quick_20260814_084435_666849,2026-08-14T08:44:35+07:00,หมอ,quick_trial,1.0,1.0,True,C:\Users\Ult_Orange\Desktop\Update2\experiments\quick_20260814_084435_666849\report.md
quick_20260814_084300_774695,2026-08-14T08:43:00+07:00,หมอ,quick_trial,1.0,1.0,True,C:\Users\Ult_Orange\Desktop\Update2\experiments\quick_20260814_084300_774695\report.md
quick_20260814_084249_242591,2026-08-14T08:42:48+07:00,เข้าใจ,quick_trial,0.9629629629629629,0.9583333333333334,True,C:\Users\Ult_Orange\Desktop\Update2\experiments\quick_20260814_084249_242591\report.md
quick_20260814_084238_220574,2026-08-14T08:42:37+07:00,ต้องการ,quick_trial,1.0,1.0,True,C:\Users\Ult_Orange\Desktop\Update2\experiments\quick_20260814_084238_220574\report.md
quick_20260814_084132_230871,2026-08-14T08:41:31+07:00,ไม่เข้าใจ,quick_trial,0.9814814814814815,0.978835978835979,True,C:\Users\Ult_Orange\Desktop\Update2\experiments\quick_20260814_084132_230871\report.md
quick_20260814_084121_110802,2026-08-14T08:41:20+07:00,ต้องการ,quick_trial,1.0,1.0,True,C:\Users\Ult_Orange\Desktop\Update2\experiments\quick_20260814_084121_110802\report.md
quick_20260814_084112_018942,2026-08-14T08:41:11+07:00,หยุด,quick_trial,1.0,1.0,True,C:\Users\Ult_Orange\Desktop\Update2\experiments\quick_20260814_084112_018942\report.md
quick_20260814_084057_985452,2026-08-14T08:40:57+07:00,หยุด,quick_trial,1.0,1.0,True,C:\Users\Ult_Orange\Desktop\Update2\experiments\quick_20260814_084057_985452\report.md
quick_20260814_084038_593451,2026-08-14T08:40:38+07:00,กิน,quick_trial,1.0,1.0,True,C:\Users\Ult_Orange\Desktop\Update2\experiments\quick_20260814_084038_593451\report.md
quick_20260814_083922_315833,2026-08-14T08:39:21+07:00,หมอ,quick_trial,0.9814814814814815,0.978835978835979,True,C:\Users\Ult_Orange\Desktop\Update2\experiments\quick_20260814_083922_315833\report.md
quick_20260814_083901_465528,2026-08-14T08:39:00+07:00,กิน,quick_trial,1.0,1.0,True,C:\Users\Ult_Orange\Desktop\Update2\experiments\quick_20260814_083901_465528\report.md
quick_20260814_083835_194956,2026-08-14T08:38:34+07:00,เจ็บ,quick_trial,1.0,1.0,True,C:\Users\Ult_Orange\Desktop\Update2\experiments\quick_20260814_083835_194956\report.md
quick_20260814_083613_351384,2026-08-14T08:36:12+07:00,เจ็บ,quick_trial,1.0,1.0,True,C:\Users\Ult_Orange\Desktop\Update2\experiments\quick_20260814_083613_351384\report.md
quick_20260814_083507_170915,2026-08-14T08:35:06+07:00,กิน,quick_trial,1.0,1.0,True,C:\Users\Ult_Orange\Desktop\Update2\experiments\quick_20260814_083507_170915\report.md
quick_20260814_083433_389779,2026-08-14T08:34:32+07:00,หยุด,quick_trial,0.9782608695652174,0.9657142857142859,True,C:\Users\Ult_Orange\Desktop\Update2\experiments\quick_20260814_083433_389779\report.md
quick_20260814_083422_611958,2026-08-14T08:34:22+07:00,ต้องการ,quick_trial,1.0,1.0,True,C:\Users\Ult_Orange\Desktop\Update2\experiments\quick_20260814_083422_611958\report.md
quick_20260814_083413_476505,2026-08-14T08:34:13+07:00,ไม่เข้าใจ,quick_trial,1.0,1.0,True,C:\Users\Ult_Orange\Desktop\Update2\experiments\quick_20260814_083413_476505\report.md
quick_20260814_083358_287942,2026-08-14T08:33:57+07:00,เข้าใจ,quick_trial,0.9782608695652174,0.9657142857142859,True,C:\Users\Ult_Orange\Desktop\Update2\experiments\quick_20260814_083358_287942\report.md
quick_20260814_083348_501999,2026-08-14T08:33:48+07:00,หมอ,quick_trial,0.9565217391304348,0.9403174603174603,True,C:\Users\Ult_Orange\Desktop\Update2\experiments\quick_20260814_083348_501999\report.md
quick_20260814_083338_152217,2026-08-14T08:33:37+07:00,เจ็บ,quick_trial,0.9565217391304348,0.9403174603174603,True,C:\Users\Ult_Orange\Desktop\Update2\experiments\quick_20260814_083338_152217\report.md
quick_20260814_083326_172238,2026-08-14T08:33:25+07:00,กิน,quick_trial,0.9782608695652174,0.9657142857142859,True,C:\Users\Ult_Orange\Desktop\Update2\experiments\quick_20260814_083326_172238\report.md
quick_20260814_083311_419661,2026-08-14T08:33:11+07:00,น้ำ,quick_trial,1.0,1.0,True,C:\Users\Ult_Orange\Desktop\Update2\experiments\quick_20260814_083311_419661\report.md
quick_20260814_083238_865242,2026-08-14T08:32:38+07:00,ช่วยด้วย,quick_trial,1.0,1.0,True,C:\Users\Ult_Orange\Desktop\Update2\experiments\quick_20260814_083238_865242\report.md
quick_20260813_162033_662845,2026-08-13T16:20:33+07:00,ห้องน้ำ,quick_trial,1.0,1.0,True,C:\Users\Ult_Orange\Desktop\Update2\experiments\quick_20260813_162033_662845\report.md
quick_20260813_161816_102373,2026-08-13T16:18:15+07:00,ไม่ใช่,quick_trial,1.0,1.0,True,C:\Users\Ult_Orange\Desktop\Update2\experiments\quick_20260813_161816_102373\report.md
quick_20260813_150121_991067,2026-08-13T15:01:21+07:00,ใช่,quick_trial,1.0,1.0,True,C:\Users\Ult_Orange\Desktop\Update2\experiments\quick_20260813_150121_991067\report.md
