clip_id,gesture_name,signer_id,session_id,recorded_at,camera_index,lighting,clip_number,quality,reference_url,sequence_file,preview_file,duration_frames,feature_count,dataset_version,notes,capture_mode,supersedes_clip_id,sequence_sha256,prediction,correct
067d83d7b61e438aa9322983149afe78,หยุด,person_03,session_03,2026-09-18T11:43:36+07:00,0,unknown,1,accepted,,clips/หยุด/067d83d7b61e438aa9322983149afe78.npy,previews/หยุด/067d83d7b61e438aa9322983149afe78.mp4,30,171,2,คลิปวัดผู้ใช้ใหม่ รอตรวจคุณภาพก่อนวัดผล,extra,,36c561d2cc518afa4040c421859ed10edde85ac78a4ee4256bc24c7bcb268d4f,หยุด,True
0a4397a4e90e4c35b090375d2c6edd3b,สวัสดี,person_03,session_03,2026-09-18T11:37:50+07:00,0,unknown,1,accepted,,clips/สวัสดี/0a4397a4e90e4c35b090375d2c6edd3b.npy,previews/สวัสดี/0a4397a4e90e4c35b090375d2c6edd3b.mp4,30,171,2,คลิปวัดผู้ใช้ใหม่ รอตรวจคุณภาพก่อนวัดผล,extra,,992a0613c577b11fbeb7cac0214833277f51780303893abab7b0eaea196e2c0a,สวัสดี,True
0beeed47f23e41bd8d50d4fc8b790a72,ต้องการ,person_03,session_01,2026-09-17T22:35:00+07:00,0,unknown,1,accepted,,clips/ต้องการ/0beeed47f23e41bd8d50d4fc8b790a72.npy,previews/ต้องการ/0beeed47f23e41bd8d50d4fc8b790a72.mp4,30,171,2,คลิปวัดผู้ใช้ใหม่ รอตรวจคุณภาพก่อนวัดผล,extra,,385e371796f7fa137a737ffe7d29e6fab49ba847cb990c0e258094fdc0028610,ต้องการ,True
0daed7da45ac44488126f29b62952588,น้ำ,person_03,session_01,2026-09-17T22:29:02+07:00,0,unknown,1,accepted,,clips/น้ำ/0daed7da45ac44488126f29b62952588.npy,previews/น้ำ/0daed7da45ac44488126f29b62952588.mp4,30,171,2,คลิปวัดผู้ใช้ใหม่ รอตรวจคุณภาพก่อนวัดผล,extra,,152a38f13ba65a80538df2f10c5904bb406447933b983ebf4f212a20ed9dd44c,น้ำ,True
0e75a9c2e5ab4aaabb1da9dc53bca2db,unknown,person_03,session_03,2026-09-18T11:44:42+07:00,0,unknown,1,accepted,,clips/unknown/0e75a9c2e5ab4aaabb1da9dc53bca2db.npy,previews/unknown/0e75a9c2e5ab4aaabb1da9dc53bca2db.mp4,30,171,2,คลิปวัดผู้ใช้ใหม่ รอตรวจคุณภาพก่อนวัดผล,extra,,a82b1a934282bf425f33c8645e6f378e26d3b8264ba58f2ee5d5a5953898995c,unknown,True
137643a163864af4a865e88466421cf4,เข้าใจ,person_03,session_04,2026-09-22T06:58:08+07:00,0,unknown,1,accepted,,clips/เข้าใจ/137643a163864af4a865e88466421cf4.npy,previews/เข้าใจ/137643a163864af4a865e88466421cf4.mp4,30,171,2,คลิปวัดผู้ใช้ใหม่ รอตรวจคุณภาพก่อนวัดผล,extra,,6e13901e05d59cc470d6f2edf900829f4628b4dba39957866e9df7c1efbdf604,เข้าใจ,True
155e48c41160447c91bf1639d171928b,หยุด,person_03,session_02,2026-09-18T11:35:17+07:00,0,unknown,1,accepted,,clips/หยุด/155e48c41160447c91bf1639d171928b.npy,previews/หยุด/155e48c41160447c91bf1639d171928b.mp4,30,171,2,คลิปวัดผู้ใช้ใหม่ รอตรวจคุณภาพก่อนวัดผล,extra,,dc4091c506589cbe59cd5f7cf74d7f6f0ef1ec23899480d57ad82c33c41cc54a,หยุด,True
170a5e5222e04716b7745c6402cf7562,หมอ,person_03,session_01,2026-09-17T22:29:59+07:00,0,unknown,1,accepted,,clips/หมอ/170a5e5222e04716b7745c6402cf7562.npy,previews/หมอ/170a5e5222e04716b7745c6402cf7562.mp4,30,171,2,คลิปวัดผู้ใช้ใหม่ รอตรวจคุณภาพก่อนวัดผล,extra,,2b07d0783b6a2edae0411e07db2e48d7ae3cc35739134a7bd335acd594b078fd,หมอ,True
1820b25fa32d4c70a511f078111b6dc1,กิน,person_03,session_02,2026-09-18T11:32:32+07:00,0,unknown,1,accepted,,clips/กิน/1820b25fa32d4c70a511f078111b6dc1.npy,previews/กิน/1820b25fa32d4c70a511f078111b6dc1.mp4,30,171,2,คลิปวัดผู้ใช้ใหม่ รอตรวจคุณภาพก่อนวัดผล,extra,,0779aee44dc2c376cd84944830e46b2bcbdaee7a33137b96914fc3e3d476dab2,กิน,True
190eaf829e564a85a4ad3db5e8a191b5,หมอ,person_03,session_02,2026-09-18T11:33:24+07:00,0,unknown,1,accepted,,clips/หมอ/190eaf829e564a85a4ad3db5e8a191b5.npy,previews/หมอ/190eaf829e564a85a4ad3db5e8a191b5.mp4,30,171,2,คลิปวัดผู้ใช้ใหม่ รอตรวจคุณภาพก่อนวัดผล,extra,,620ded0ea1eef3587044c073836059b6bbdaccff5b6f11edec8626ddbe76a075,หมอ,True
19ef858dd6bb4a06bacbc246fdba51c1,ไม่เข้าใจ,person_03,session_02,2026-09-18T11:34:34+07:00,0,unknown,1,accepted,,clips/ไม่เข้าใจ/19ef858dd6bb4a06bacbc246fdba51c1.npy,previews/ไม่เข้าใจ/19ef858dd6bb4a06bacbc246fdba51c1.mp4,30,171,2,คลิปวัดผู้ใช้ใหม่ รอตรวจคุณภาพก่อนวัดผล,extra,,c3e23cecf080c34aed95bbab24cc8a775596c976195ad1e3a65d69c3a1781625,ไม่เข้าใจ,True
2b0375ee5b5547dfb9b3cbfcf173371c,ไม่ใช่,person_03,session_03,2026-09-18T11:39:42+07:00,0,unknown,1,accepted,,clips/ไม่ใช่/2b0375ee5b5547dfb9b3cbfcf173371c.npy,previews/ไม่ใช่/2b0375ee5b5547dfb9b3cbfcf173371c.mp4,30,171,2,คลิปวัดผู้ใช้ใหม่ รอตรวจคุณภาพก่อนวัดผล,extra,,0f866dfd3fd191effa7caf93cd2aab23490757d548ff5052f8cf594ef11b4453,ไม่ใช่,True
37206d2cf0cb437e9751de7c911edce4,ไม่ต้อง,person_03,session_02,2026-09-18T11:35:46+07:00,0,unknown,1,accepted,,clips/ไม่ต้อง/37206d2cf0cb437e9751de7c911edce4.npy,previews/ไม่ต้อง/37206d2cf0cb437e9751de7c911edce4.mp4,30,171,2,คลิปวัดผู้ใช้ใหม่ รอตรวจคุณภาพก่อนวัดผล,extra,,b205ff13646d429c8e2e6ed885a6cffc4d3df4eb3af774f8c5981b44b7136f7e,ไม่ต้อง,True
39a2568b670141cc9fff3c1593f46b81,ใช่,person_03,session_04,2026-09-22T06:55:54+07:00,0,unknown,1,accepted,,clips/ใช่/39a2568b670141cc9fff3c1593f46b81.npy,previews/ใช่/39a2568b670141cc9fff3c1593f46b81.mp4,30,171,2,คลิปวัดผู้ใช้ใหม่ รอตรวจคุณภาพก่อนวัดผล,extra,,33184d797c40a7861995652c4dc868c01c37405c3c255f675eadccc8dd6c6b28,ใช่,True
39d0123a20224492afedee20623d54ec,ต้องการ,person_03,session_04,2026-09-22T06:58:43+07:00,0,unknown,1,accepted,,clips/ต้องการ/39d0123a20224492afedee20623d54ec.npy,previews/ต้องการ/39d0123a20224492afedee20623d54ec.mp4,30,171,2,คลิปวัดผู้ใช้ใหม่ รอตรวจคุณภาพก่อนวัดผล,extra,,5e6ec6df3215da32a5ed25243a7065fefd293709812c82625086ed55f77206af,ต้องการ,True
3d5c02bf1ebd4400aae1f3653a36e746,ห้องน้ำ,person_03,session_02,2026-09-18T11:31:14+07:00,0,unknown,1,accepted,,clips/ห้องน้ำ/3d5c02bf1ebd4400aae1f3653a36e746.npy,previews/ห้องน้ำ/3d5c02bf1ebd4400aae1f3653a36e746.mp4,30,171,2,คลิปวัดผู้ใช้ใหม่ รอตรวจคุณภาพก่อนวัดผล,extra,,faefbc35baff94a9e9cf52e828ab8a24c850b41aed52aae456e216446c4d8481,ห้องน้ำ,True
3f1f67d7057e4bdeaf804231dbf96efc,ขอบคุณ,person_03,session_04,2026-09-22T06:55:37+07:00,0,unknown,1,accepted,,clips/ขอบคุณ/3f1f67d7057e4bdeaf804231dbf96efc.npy,previews/ขอบคุณ/3f1f67d7057e4bdeaf804231dbf96efc.mp4,30,171,2,คลิปวัดผู้ใช้ใหม่ รอตรวจคุณภาพก่อนวัดผล,extra,,1c52055cc6d5f4e5e84350586c40da994e292eb375d73ad314d80f21ff273089,ขอบคุณ,True
40cb1bacb5c54adb98c13f365f781b8a,ห้องน้ำ,person_03,session_01,2026-09-17T22:28:44+07:00,0,unknown,1,accepted,,clips/ห้องน้ำ/40cb1bacb5c54adb98c13f365f781b8a.npy,previews/ห้องน้ำ/40cb1bacb5c54adb98c13f365f781b8a.mp4,30,171,2,คลิปวัดผู้ใช้ใหม่ รอตรวจคุณภาพก่อนวัดผล,extra,,0a288c12ae84b9e7b7e0a6d6a482a5a0858a9d6f22370109e00dddebb62a4645,ห้องน้ำ,True
40f7897e21ce4099b9886c685090b2c9,ขอโทษ,person_03,session_02,2026-09-18T11:26:46+07:00,0,unknown,1,accepted,,clips/ขอโทษ/40f7897e21ce4099b9886c685090b2c9.npy,previews/ขอโทษ/40f7897e21ce4099b9886c685090b2c9.mp4,30,171,2,คลิปวัดผู้ใช้ใหม่ รอตรวจคุณภาพก่อนวัดผล,extra,,6b7c8964d3fcd131f859c667aaf00f85d13aff362f07e1b17d49c10251a05ca0,ขอโทษ,True
424e862b66604b83ae21f7d8013498a1,เข้าใจ,person_03,session_02,2026-09-18T11:34:13+07:00,0,unknown,1,accepted,,clips/เข้าใจ/424e862b66604b83ae21f7d8013498a1.npy,previews/เข้าใจ/424e862b66604b83ae21f7d8013498a1.mp4,30,171,2,คลิปวัดผู้ใช้ใหม่ รอตรวจคุณภาพก่อนวัดผล,extra,,328baa4fcb50178c9c21ba23556b17ad8a1ae93290b2b401b7f92e6dcfb531fd,unknown,False
43ddb719b7514e4d958938c1d29d8676,ไม่เข้าใจ,person_03,session_01,2026-09-17T22:34:36+07:00,0,unknown,1,accepted,,clips/ไม่เข้าใจ/43ddb719b7514e4d958938c1d29d8676.npy,previews/ไม่เข้าใจ/43ddb719b7514e4d958938c1d29d8676.mp4,30,171,2,คลิปวัดผู้ใช้ใหม่ รอตรวจคุณภาพก่อนวัดผล,extra,,2101def74242bbce1fb329a2a895458cd1fe9c1872424b0786ed1186b87164c2,ไม่ใช่,False
48d8c44bbe274d04a17e95e5d15dddcc,ไม่ต้อง,person_03,session_01,2026-09-17T22:35:52+07:00,0,unknown,1,accepted,,clips/ไม่ต้อง/48d8c44bbe274d04a17e95e5d15dddcc.npy,previews/ไม่ต้อง/48d8c44bbe274d04a17e95e5d15dddcc.mp4,30,171,2,คลิปวัดผู้ใช้ใหม่ รอตรวจคุณภาพก่อนวัดผล,extra,,a1546d2d2be3439876b26740f9c31dfc31c6275b36b1c0d302def25ae7a314cc,ไม่ต้อง,True
4b6ef966834941c58edb9c940b6910e9,น้ำ,person_03,session_04,2026-09-22T06:56:57+07:00,0,unknown,1,accepted,,clips/น้ำ/4b6ef966834941c58edb9c940b6910e9.npy,previews/น้ำ/4b6ef966834941c58edb9c940b6910e9.mp4,30,171,2,คลิปวัดผู้ใช้ใหม่ รอตรวจคุณภาพก่อนวัดผล,extra,,8cd0bf341fc274dc3c3ade388f922aec7dccad8f365eb8120297a6bfd30dbcb7,น้ำ,True
4db260e5b03e4b6a823b056df013dde8,ห้องน้ำ,person_03,session_04,2026-09-22T06:56:42+07:00,0,unknown,1,accepted,,clips/ห้องน้ำ/4db260e5b03e4b6a823b056df013dde8.npy,previews/ห้องน้ำ/4db260e5b03e4b6a823b056df013dde8.mp4,30,171,2,คลิปวัดผู้ใช้ใหม่ รอตรวจคุณภาพก่อนวัดผล,extra,,f73709d585626fd707ac84a4ae24a18646064b53b6cbc68efcaceb097190eba9,ห้องน้ำ,True
523dd0b70c40422f931c8f64039c27ea,ขอโทษ,person_03,session_03,2026-09-18T11:38:10+07:00,0,unknown,1,accepted,,clips/ขอโทษ/523dd0b70c40422f931c8f64039c27ea.npy,previews/ขอโทษ/523dd0b70c40422f931c8f64039c27ea.mp4,30,171,2,คลิปวัดผู้ใช้ใหม่ รอตรวจคุณภาพก่อนวัดผล,extra,,eb01e16cbf4200cd96b4cbf9b280624bcf6193b87e2fa1701d228ed39b96cf1e,ขอโทษ,True
5350b15d0c634b8f9de10338d212a46a,unknown,person_03,session_01,2026-09-17T22:36:34+07:00,0,unknown,1,accepted,,clips/unknown/5350b15d0c634b8f9de10338d212a46a.npy,previews/unknown/5350b15d0c634b8f9de10338d212a46a.mp4,30,171,2,คลิปวัดผู้ใช้ใหม่ รอตรวจคุณภาพก่อนวัดผล,extra,,ec1aba5d8ae0f65a600897cba9757f2d61942ec9eb460e76a71259499cf90af2,unknown,True
550e9120371445cfb6687dae9978ed8d,ไม่ใช่,person_03,session_01,2026-09-17T22:28:04+07:00,0,unknown,1,accepted,,clips/ไม่ใช่/550e9120371445cfb6687dae9978ed8d.npy,previews/ไม่ใช่/550e9120371445cfb6687dae9978ed8d.mp4,30,171,2,คลิปวัดผู้ใช้ใหม่ รอตรวจคุณภาพก่อนวัดผล,extra,,02e94d767697ffe64e65a53aa53de73229888ca16e8960438873863ec5bb2ada,ไม่เข้าใจ,False
56e2f74956064860a839cf0dba869ed9,ช่วยด้วย,person_03,session_03,2026-09-18T11:40:12+07:00,0,unknown,1,accepted,,clips/ช่วยด้วย/56e2f74956064860a839cf0dba869ed9.npy,previews/ช่วยด้วย/56e2f74956064860a839cf0dba869ed9.mp4,30,171,2,คลิปวัดผู้ใช้ใหม่ รอตรวจคุณภาพก่อนวัดผล,extra,,77760b04b9d6e2e7eec344f8692c4ad84d2fd564fdad839d4704c16a107a6fb5,ช่วยด้วย,True
57e42b53f9094f15b9a71485f5850f02,กิน,person_03,session_04,2026-09-22T06:57:16+07:00,0,unknown,1,accepted,,clips/กิน/57e42b53f9094f15b9a71485f5850f02.npy,previews/กิน/57e42b53f9094f15b9a71485f5850f02.mp4,30,171,2,คลิปวัดผู้ใช้ใหม่ รอตรวจคุณภาพก่อนวัดผล,extra,,f43c3262a9660bba005c9d64f546a4002945926e9c5068d494b7711002167464,กิน,True
5ede06dfd92f4040916cda2226c54a83,ไม่เข้าใจ,person_03,session_04,2026-09-22T06:58:22+07:00,0,unknown,1,accepted,,clips/ไม่เข้าใจ/5ede06dfd92f4040916cda2226c54a83.npy,previews/ไม่เข้าใจ/5ede06dfd92f4040916cda2226c54a83.mp4,30,171,2,คลิปวัดผู้ใช้ใหม่ รอตรวจคุณภาพก่อนวัดผล,extra,,37856442032c67d24b282a964d313c651f6b4db1406b60d873ae566a0df058e9,ไม่เข้าใจ,True
5efa32eb4e3e4deebe720c9f79ef42d7,ขอโทษ,person_03,session_01,2026-09-17T22:26:03+07:00,0,unknown,1,accepted,,clips/ขอโทษ/5efa32eb4e3e4deebe720c9f79ef42d7.npy,previews/ขอโทษ/5efa32eb4e3e4deebe720c9f79ef42d7.mp4,30,171,2,คลิปวัดผู้ใช้ใหม่ รอตรวจคุณภาพก่อนวัดผล,extra,,e3155668a50bb35023067b16531fe4b3daafb9576e568e5d1335599df94d1c98,ขอโทษ,True
60f0517380ad4d43b630592416c91f7d,ช่วยด้วย,person_03,session_04,2026-09-22T06:56:26+07:00,0,unknown,1,accepted,,clips/ช่วยด้วย/60f0517380ad4d43b630592416c91f7d.npy,previews/ช่วยด้วย/60f0517380ad4d43b630592416c91f7d.mp4,30,171,2,คลิปวัดผู้ใช้ใหม่ รอตรวจคุณภาพก่อนวัดผล,extra,,d9a063119b22c148d1789682c5ff618b291a7ef7f27cad8001314e1810eaddd7,ช่วยด้วย,True
6242080dcab24d349535de5bf463076b,เจ็บ,person_03,session_03,2026-09-18T11:41:46+07:00,0,unknown,1,accepted,,clips/เจ็บ/6242080dcab24d349535de5bf463076b.npy,previews/เจ็บ/6242080dcab24d349535de5bf463076b.mp4,30,171,2,คลิปวัดผู้ใช้ใหม่ รอตรวจคุณภาพก่อนวัดผล,extra,,01cc5c77c3677d10014a50709af1fcfca0d6d239cd3c49d8978ea20fa60ff952,เจ็บ,True
64b3242ed50940ddb7495daa074b345d,หยุด,person_03,session_04,2026-09-22T06:58:58+07:00,0,unknown,1,accepted,,clips/หยุด/64b3242ed50940ddb7495daa074b345d.npy,previews/หยุด/64b3242ed50940ddb7495daa074b345d.mp4,30,171,2,คลิปวัดผู้ใช้ใหม่ รอตรวจคุณภาพก่อนวัดผล,extra,,9bda5b85ca953ee6b06991e2c96968826c26366bd567906b4ddf7d60570dd22d,unknown,False
69d5e1f102784674b9e931e50654413d,ใช่,person_03,session_03,2026-09-18T11:39:23+07:00,0,unknown,1,accepted,,clips/ใช่/69d5e1f102784674b9e931e50654413d.npy,previews/ใช่/69d5e1f102784674b9e931e50654413d.mp4,30,171,2,คลิปวัดผู้ใช้ใหม่ รอตรวจคุณภาพก่อนวัดผล,extra,,4faf59fd69e82f4e7160b0dd3ab9980133ab5fcca899261b7ba7c0e46d44786e,ใช่,True
6d03385cab7549dfb46614702a1edece,ห้องน้ำ,person_03,session_03,2026-09-18T11:40:41+07:00,0,unknown,1,accepted,,clips/ห้องน้ำ/6d03385cab7549dfb46614702a1edece.npy,previews/ห้องน้ำ/6d03385cab7549dfb46614702a1edece.mp4,30,171,2,คลิปวัดผู้ใช้ใหม่ รอตรวจคุณภาพก่อนวัดผล,extra,,97148a0cfae1da904e913f38fda258221cc8d302adf72bd1c8e63d6f072e3590,ห้องน้ำ,True
6d799ae40d8046b5bca46a2bca3a5190,ต้องการ,person_03,session_02,2026-09-18T11:34:57+07:00,0,unknown,1,accepted,,clips/ต้องการ/6d799ae40d8046b5bca46a2bca3a5190.npy,previews/ต้องการ/6d799ae40d8046b5bca46a2bca3a5190.mp4,30,171,2,คลิปวัดผู้ใช้ใหม่ รอตรวจคุณภาพก่อนวัดผล,extra,,23acf70ad4dfd714b97ebcd0ca50072230bff4d35c1286a96b2fbddbb1b20e2b,ต้องการ,True
71e4fc61ea9740a98aeb21d57830aec9,neutral,person_03,session_02,2026-09-18T11:36:00+07:00,0,unknown,1,accepted,,clips/neutral/71e4fc61ea9740a98aeb21d57830aec9.npy,previews/neutral/71e4fc61ea9740a98aeb21d57830aec9.mp4,30,171,2,คลิปวัดผู้ใช้ใหม่ รอตรวจคุณภาพก่อนวัดผล,extra,,8f4e3d72b6b01c006e88141116b18239bf670d917b5822ae266fe7d41833fce6,neutral,True
7298a46ac3944c9683c527ccdfa928e7,หมอ,person_03,session_03,2026-09-18T11:42:12+07:00,0,unknown,1,accepted,,clips/หมอ/7298a46ac3944c9683c527ccdfa928e7.npy,previews/หมอ/7298a46ac3944c9683c527ccdfa928e7.mp4,30,171,2,คลิปวัดผู้ใช้ใหม่ รอตรวจคุณภาพก่อนวัดผล,extra,,623fb5262456d59674e44755007c414b4510da2fd7389ef74eb3cdf8273dd675,หมอ,True
7836333731074eff9765ca0c0e7ac98f,ไม่ใช่,person_03,session_01,2026-09-17T22:33:34+07:00,0,unknown,2,accepted,,clips/ไม่ใช่/7836333731074eff9765ca0c0e7ac98f.npy,previews/ไม่ใช่/7836333731074eff9765ca0c0e7ac98f.mp4,30,171,2,คลิปวัดผู้ใช้ใหม่ รอตรวจคุณภาพก่อนวัดผล,extra,,ffbdf44d35726c14d16c7a6f5608ff845ba5f499d5a8a4696d8a91a5586b10df,ไม่ใช่,True
7aa5648721b749928a761b0c48d09aee,ไม่ต้อง,person_03,session_04,2026-09-22T06:59:15+07:00,0,unknown,1,accepted,,clips/ไม่ต้อง/7aa5648721b749928a761b0c48d09aee.npy,previews/ไม่ต้อง/7aa5648721b749928a761b0c48d09aee.mp4,30,171,2,คลิปวัดผู้ใช้ใหม่ รอตรวจคุณภาพก่อนวัดผล,extra,,69ded6e4eaaf8b46728d1ca5585694a399eef47753bb860430fc4e04f001e6eb,ไม่ต้อง,True
7be7a08f01654e74ba8e111001ccd163,หยุด,person_03,session_01,2026-09-17T22:35:23+07:00,0,unknown,1,accepted,,clips/หยุด/7be7a08f01654e74ba8e111001ccd163.npy,previews/หยุด/7be7a08f01654e74ba8e111001ccd163.mp4,30,171,2,คลิปวัดผู้ใช้ใหม่ รอตรวจคุณภาพก่อนวัดผล,extra,,55a7dc3a5c01dac397670199d7c568d1f34b34ac1c5bb406206920d11e73febd,ช่วยด้วย,False
81cb40fef08849ccb539071a03ec6553,เจ็บ,person_03,session_04,2026-09-22T06:57:36+07:00,0,unknown,1,accepted,,clips/เจ็บ/81cb40fef08849ccb539071a03ec6553.npy,previews/เจ็บ/81cb40fef08849ccb539071a03ec6553.mp4,30,171,2,คลิปวัดผู้ใช้ใหม่ รอตรวจคุณภาพก่อนวัดผล,extra,,4cb1095cc478ce28c4a78dc3d9248c164e475a94071b00869c573c84052fbb68,เจ็บ,True
866bab6d7daf497085dfb8008ee11eef,ไม่เป็นไร,person_03,session_02,2026-09-18T11:27:03+07:00,0,unknown,1,accepted,,clips/ไม่เป็นไร/866bab6d7daf497085dfb8008ee11eef.npy,previews/ไม่เป็นไร/866bab6d7daf497085dfb8008ee11eef.mp4,30,171,2,คลิปวัดผู้ใช้ใหม่ รอตรวจคุณภาพก่อนวัดผล,extra,,09ebd4d716e95f7160d2a47102f6078e0d452c7360ec70341dbad5b9448e5a04,ไม่เป็นไร,True
875dab4dccef4048a5b737417a8a7517,เข้าใจ,person_03,session_03,2026-09-18T11:42:35+07:00,0,unknown,1,accepted,,clips/เข้าใจ/875dab4dccef4048a5b737417a8a7517.npy,previews/เข้าใจ/875dab4dccef4048a5b737417a8a7517.mp4,30,171,2,คลิปวัดผู้ใช้ใหม่ รอตรวจคุณภาพก่อนวัดผล,extra,,c3eadfa86f54b87f04671d370ccbc702e5a6802fe595a6a6d0846e37b2013ba6,ใช่,False
87894db16d52474082294d13a21d78c2,unknown,person_03,session_04,2026-09-22T06:59:47+07:00,0,unknown,1,accepted,,clips/unknown/87894db16d52474082294d13a21d78c2.npy,previews/unknown/87894db16d52474082294d13a21d78c2.mp4,30,171,2,คลิปวัดผู้ใช้ใหม่ รอตรวจคุณภาพก่อนวัดผล,extra,,d410a779fb0f772c06dd54852873857c96986f7a1f3c4d594b9ea2098210dbc1,unknown,True
8833aee2ff674e60be69841c16dd5db5,ไม่เป็นไร,person_03,session_03,2026-09-18T11:38:30+07:00,0,unknown,1,accepted,,clips/ไม่เป็นไร/8833aee2ff674e60be69841c16dd5db5.npy,previews/ไม่เป็นไร/8833aee2ff674e60be69841c16dd5db5.mp4,30,171,2,คลิปวัดผู้ใช้ใหม่ รอตรวจคุณภาพก่อนวัดผล,extra,,126f7c0f7ee0d9b68e615afb2b664b45a9eea741dc3169637eb48b742e1f7768,ไม่เป็นไร,True
8adbdea7af5347d1a37689fb0ca3a7be,สวัสดี,person_03,session_04,2026-09-22T06:54:44+07:00,0,unknown,1,accepted,,clips/สวัสดี/8adbdea7af5347d1a37689fb0ca3a7be.npy,previews/สวัสดี/8adbdea7af5347d1a37689fb0ca3a7be.mp4,30,171,2,คลิปวัดผู้ใช้ใหม่ รอตรวจคุณภาพก่อนวัดผล,extra,,713519daede3450b22f2e1c7d976aed783ae382c68260046b06d403bfef87af6,unknown,False
9a21696d024546818275f82e67538077,เจ็บ,person_03,session_02,2026-09-18T11:32:55+07:00,0,unknown,1,accepted,,clips/เจ็บ/9a21696d024546818275f82e67538077.npy,previews/เจ็บ/9a21696d024546818275f82e67538077.mp4,30,171,2,คลิปวัดผู้ใช้ใหม่ รอตรวจคุณภาพก่อนวัดผล,extra,,f64ac56d19fd17859004b2bc7aa7c57b157909ccd62b14026a18e69c7308b7f9,เจ็บ,True
9c63c6c8eeaa49c7b69519a277764ec0,ไม่ใช่,person_03,session_02,2026-09-18T11:29:37+07:00,0,unknown,1,accepted,,clips/ไม่ใช่/9c63c6c8eeaa49c7b69519a277764ec0.npy,previews/ไม่ใช่/9c63c6c8eeaa49c7b69519a277764ec0.mp4,30,171,2,คลิปวัดผู้ใช้ใหม่ รอตรวจคุณภาพก่อนวัดผล,extra,,18c648c01897052af88d53bc318c33688547f4a80c566a40c4b44b2bec166835,ไม่ใช่,True
a6956d448a4e470db522ae5b51cf05f1,กิน,person_03,session_03,2026-09-18T11:41:23+07:00,0,unknown,1,accepted,,clips/กิน/a6956d448a4e470db522ae5b51cf05f1.npy,previews/กิน/a6956d448a4e470db522ae5b51cf05f1.mp4,30,171,2,คลิปวัดผู้ใช้ใหม่ รอตรวจคุณภาพก่อนวัดผล,extra,,8a30790b6a77d9af56305af3d3dbecc0c94e9888429ee2707d526bde00a32a1f,unknown,False
a6de0c8812af4629acc94521c82ec0c6,ใช่,person_03,session_01,2026-09-17T22:27:43+07:00,0,unknown,1,accepted,,clips/ใช่/a6de0c8812af4629acc94521c82ec0c6.npy,previews/ใช่/a6de0c8812af4629acc94521c82ec0c6.mp4,30,171,2,คลิปวัดผู้ใช้ใหม่ รอตรวจคุณภาพก่อนวัดผล,extra,,6f4776c9893ce278971acd5e0296891bc740acc0f7b50fada52d13d125a5538f,เข้าใจ,False
a8ceeea0e59048abae0dbe46c1958c12,เจ็บ,person_03,session_01,2026-09-17T22:29:41+07:00,0,unknown,1,accepted,,clips/เจ็บ/a8ceeea0e59048abae0dbe46c1958c12.npy,previews/เจ็บ/a8ceeea0e59048abae0dbe46c1958c12.mp4,30,171,2,คลิปวัดผู้ใช้ใหม่ รอตรวจคุณภาพก่อนวัดผล,extra,,b53e1ad27c8009de121d99fbc19e21ff434b90f7fca748c77a1c889d79d8d19e,เจ็บ,True
ade4a836747d49429da50b6f858e92b6,ไม่เป็นไร,person_03,session_04,2026-09-22T06:55:21+07:00,0,unknown,1,accepted,,clips/ไม่เป็นไร/ade4a836747d49429da50b6f858e92b6.npy,previews/ไม่เป็นไร/ade4a836747d49429da50b6f858e92b6.mp4,30,171,2,คลิปวัดผู้ใช้ใหม่ รอตรวจคุณภาพก่อนวัดผล,extra,,735a64009f0630b8a75f4556761827166882d2a64f420d388ca135007d5bea04,ไม่เป็นไร,True
b03d2934af68444bb2336ed0261b74ba,neutral,person_03,session_04,2026-09-22T06:59:31+07:00,0,unknown,1,accepted,,clips/neutral/b03d2934af68444bb2336ed0261b74ba.npy,previews/neutral/b03d2934af68444bb2336ed0261b74ba.mp4,30,171,2,คลิปวัดผู้ใช้ใหม่ รอตรวจคุณภาพก่อนวัดผล,extra,,8cc30dcb91dbf8fc34294cc47fb690812d6015717974711d440554bfa6a40007,neutral,True
b2d3d14a8203445fa09be83ded2e1831,neutral,person_03,session_01,2026-09-17T22:36:12+07:00,0,unknown,1,accepted,,clips/neutral/b2d3d14a8203445fa09be83ded2e1831.npy,previews/neutral/b2d3d14a8203445fa09be83ded2e1831.mp4,30,171,2,คลิปวัดผู้ใช้ใหม่ รอตรวจคุณภาพก่อนวัดผล,extra,,ac011845da8797acdb1ce99347b2d04655c24990b4bbe73b6e12f17c2830d83b,neutral,True
b3d8414ace424b0fa54c026835487801,ขอบคุณ,person_03,session_03,2026-09-18T11:38:57+07:00,0,unknown,1,accepted,,clips/ขอบคุณ/b3d8414ace424b0fa54c026835487801.npy,previews/ขอบคุณ/b3d8414ace424b0fa54c026835487801.mp4,30,171,2,คลิปวัดผู้ใช้ใหม่ รอตรวจคุณภาพก่อนวัดผล,extra,,81aa94badb9448cfd74d88f95f223c9f9de898a4daffaa6f4dea6889aff94b80,ขอบคุณ,True
b6d818ff7d29411fb690cccf834cea82,ขอโทษ,person_03,session_04,2026-09-22T06:55:05+07:00,0,unknown,1,accepted,,clips/ขอโทษ/b6d818ff7d29411fb690cccf834cea82.npy,previews/ขอโทษ/b6d818ff7d29411fb690cccf834cea82.mp4,30,171,2,คลิปวัดผู้ใช้ใหม่ รอตรวจคุณภาพก่อนวัดผล,extra,,48eb79bd971426f0cc8bb9d3eb6c9c0eb5ee713bb2deca3bc45bf4c212ad082d,ขอโทษ,True
b94609ac71684c0a84f6baa9349f8461,ไม่ใช่,person_03,session_04,2026-09-22T06:56:09+07:00,0,unknown,1,accepted,,clips/ไม่ใช่/b94609ac71684c0a84f6baa9349f8461.npy,previews/ไม่ใช่/b94609ac71684c0a84f6baa9349f8461.mp4,30,171,2,คลิปวัดผู้ใช้ใหม่ รอตรวจคุณภาพก่อนวัดผล,extra,,139e94eeb03e54c90975a040df95d1866f6b17add43c133b537d1a3dbf76cc55,ไม่ใช่,True
bced595f58034ea7833348194d56d820,เข้าใจ,person_03,session_01,2026-09-17T22:34:10+07:00,0,unknown,1,accepted,,clips/เข้าใจ/bced595f58034ea7833348194d56d820.npy,previews/เข้าใจ/bced595f58034ea7833348194d56d820.mp4,30,171,2,คลิปวัดผู้ใช้ใหม่ รอตรวจคุณภาพก่อนวัดผล,extra,,b7a01784b7eb03ea4ff3be8feff6b648dfb95555de2130c75bc6358711eac3a2,ใช่,False
c0b79d4d8a784e98ae882fc6fecd79a7,ต้องการ,person_03,session_03,2026-09-18T11:43:14+07:00,0,unknown,1,accepted,,clips/ต้องการ/c0b79d4d8a784e98ae882fc6fecd79a7.npy,previews/ต้องการ/c0b79d4d8a784e98ae882fc6fecd79a7.mp4,30,171,2,คลิปวัดผู้ใช้ใหม่ รอตรวจคุณภาพก่อนวัดผล,extra,,101b005b886ec3aeaaeae45e573eb7de6f3dd5e6e37ae5beb15ccc06fcdf56fa,ต้องการ,True
c2c6b29ae1fb47d7aa0acc257d8f8c63,ใช่,person_03,session_01,2026-09-17T22:33:11+07:00,0,unknown,2,accepted,,clips/ใช่/c2c6b29ae1fb47d7aa0acc257d8f8c63.npy,previews/ใช่/c2c6b29ae1fb47d7aa0acc257d8f8c63.mp4,30,171,2,คลิปวัดผู้ใช้ใหม่ รอตรวจคุณภาพก่อนวัดผล,extra,,fe0c73bb6ab84420fb7745f0a7c660e7f713a1a9f0a4cc403fea4423da6a0241,ใช่,True
c811a4beeafd4ef38d9c026b48c95330,ขอบคุณ,person_03,session_02,2026-09-18T11:27:20+07:00,0,unknown,1,accepted,,clips/ขอบคุณ/c811a4beeafd4ef38d9c026b48c95330.npy,previews/ขอบคุณ/c811a4beeafd4ef38d9c026b48c95330.mp4,30,171,2,คลิปวัดผู้ใช้ใหม่ รอตรวจคุณภาพก่อนวัดผล,extra,,bc523efa68234fd620f5db0130481755083a0d295ed6a94e0b694843565672ca,ขอบคุณ,True
cc58e9101cd341e6bdc464527fcf1981,ไม่เป็นไร,person_03,session_01,2026-09-17T22:26:53+07:00,0,unknown,1,accepted,,clips/ไม่เป็นไร/cc58e9101cd341e6bdc464527fcf1981.npy,previews/ไม่เป็นไร/cc58e9101cd341e6bdc464527fcf1981.mp4,30,171,2,คลิปวัดผู้ใช้ใหม่ รอตรวจคุณภาพก่อนวัดผล,extra,,512a0410c448329b868ea53a5d7c678c422778c6aa7e207d2610365caf84ca22,ไม่เป็นไร,True
d5dc7bf2adfd4d32957c4611959be9b2,สวัสดี,person_03,session_02,2026-09-18T11:26:30+07:00,0,unknown,1,accepted,,clips/สวัสดี/d5dc7bf2adfd4d32957c4611959be9b2.npy,previews/สวัสดี/d5dc7bf2adfd4d32957c4611959be9b2.mp4,30,171,2,คลิปวัดผู้ใช้ใหม่ รอตรวจคุณภาพก่อนวัดผล,extra,,57a920311d2c1143f7b7da864731857ab78174d2db37ea781a487869232b4cd4,สวัสดี,True
d6428772a51f4c9abb1a2ba318285bb1,น้ำ,person_03,session_03,2026-09-18T11:41:04+07:00,0,unknown,1,accepted,,clips/น้ำ/d6428772a51f4c9abb1a2ba318285bb1.npy,previews/น้ำ/d6428772a51f4c9abb1a2ba318285bb1.mp4,30,171,2,คลิปวัดผู้ใช้ใหม่ รอตรวจคุณภาพก่อนวัดผล,extra,,abced3cb95395c64ee652fc8a1847e0adff290a083ce7e57a9459473c24637c2,น้ำ,True
d768e8facaa44eebb28a6229b48fe7ca,สวัสดี,person_03,session_01,2026-09-17T22:24:26+07:00,0,unknown,1,accepted,,clips/สวัสดี/d768e8facaa44eebb28a6229b48fe7ca.npy,previews/สวัสดี/d768e8facaa44eebb28a6229b48fe7ca.mp4,30,171,2,คลิปวัดผู้ใช้ใหม่ รอตรวจคุณภาพก่อนวัดผล,extra,,dc6355a4daa790716a84c9817cbd828ec8f7ab7cdb618b9931b6ecff4f618c17,สวัสดี,True
d7e29b1874a141e59e4ac88d8c4d5dfb,ช่วยด้วย,person_03,session_01,2026-09-17T22:28:25+07:00,0,unknown,1,accepted,,clips/ช่วยด้วย/d7e29b1874a141e59e4ac88d8c4d5dfb.npy,previews/ช่วยด้วย/d7e29b1874a141e59e4ac88d8c4d5dfb.mp4,30,171,2,คลิปวัดผู้ใช้ใหม่ รอตรวจคุณภาพก่อนวัดผล,extra,,a6cc3ba2d36d5c94ef83067ad6514d74c3c7970c321e4c2f6e39bd847e997f12,ช่วยด้วย,True
d8ca44e00f5540a89681be30d9ecc661,unknown,person_03,session_02,2026-09-18T11:36:31+07:00,0,unknown,1,accepted,,clips/unknown/d8ca44e00f5540a89681be30d9ecc661.npy,previews/unknown/d8ca44e00f5540a89681be30d9ecc661.mp4,30,171,2,คลิปวัดผู้ใช้ใหม่ รอตรวจคุณภาพก่อนวัดผล,extra,,8fc970e1fa813546f4ff99ab7e033f17e869a3c41b3705c263578082465f7cbe,unknown,True
dad473ce2ca2425e84fab5c07ec3f8b6,ใช่,person_03,session_02,2026-09-18T11:27:55+07:00,0,unknown,1,accepted,,clips/ใช่/dad473ce2ca2425e84fab5c07ec3f8b6.npy,previews/ใช่/dad473ce2ca2425e84fab5c07ec3f8b6.mp4,30,171,2,คลิปวัดผู้ใช้ใหม่ รอตรวจคุณภาพก่อนวัดผล,extra,,c2a66a6b9a8b91501f6e8dbb76ae215deb4f57993e4b0d2ec67d73e677a8a2f0,ใช่,True
e2119f36c8d043da8f3fa07b01023903,น้ำ,person_03,session_02,2026-09-18T11:32:11+07:00,0,unknown,1,accepted,,clips/น้ำ/e2119f36c8d043da8f3fa07b01023903.npy,previews/น้ำ/e2119f36c8d043da8f3fa07b01023903.mp4,30,171,2,คลิปวัดผู้ใช้ใหม่ รอตรวจคุณภาพก่อนวัดผล,extra,,e7914b95f704a6a388143bf3429146cd8dfe0eb948d6f04d2ae017e83d5d295e,น้ำ,True
e42371ac15b5464f8f777d935d3110c1,ขอบคุณ,person_03,session_01,2026-09-17T22:27:15+07:00,0,unknown,1,accepted,,clips/ขอบคุณ/e42371ac15b5464f8f777d935d3110c1.npy,previews/ขอบคุณ/e42371ac15b5464f8f777d935d3110c1.mp4,30,171,2,คลิปวัดผู้ใช้ใหม่ รอตรวจคุณภาพก่อนวัดผล,extra,,580d896aba13394a9a2468080aeafc5c3541f9414b98e25e08e2b6ece29b9d51,ขอบคุณ,True
e505104b9ae24361bfb85d24fa0b14a5,กิน,person_03,session_01,2026-09-17T22:29:21+07:00,0,unknown,1,accepted,,clips/กิน/e505104b9ae24361bfb85d24fa0b14a5.npy,previews/กิน/e505104b9ae24361bfb85d24fa0b14a5.mp4,30,171,2,คลิปวัดผู้ใช้ใหม่ รอตรวจคุณภาพก่อนวัดผล,extra,,13ca7076a1fcb7271a29bb1e73a868601dfe457f755f174b5b05582227418dc0,กิน,True
e9f30bb797694502a3970ecf2ff7172e,ไม่ต้อง,person_03,session_03,2026-09-18T11:44:08+07:00,0,unknown,1,accepted,,clips/ไม่ต้อง/e9f30bb797694502a3970ecf2ff7172e.npy,previews/ไม่ต้อง/e9f30bb797694502a3970ecf2ff7172e.mp4,30,171,2,คลิปวัดผู้ใช้ใหม่ รอตรวจคุณภาพก่อนวัดผล,extra,,2c5287aa0e93480d9ffd9caf2b2ca42dab5e58082b26d99981d08be92ade73fd,ไม่ต้อง,True
ec48911d40a94ddd8995e1dde4fbd84d,ไม่เข้าใจ,person_03,session_03,2026-09-18T11:42:55+07:00,0,unknown,1,accepted,,clips/ไม่เข้าใจ/ec48911d40a94ddd8995e1dde4fbd84d.npy,previews/ไม่เข้าใจ/ec48911d40a94ddd8995e1dde4fbd84d.mp4,30,171,2,คลิปวัดผู้ใช้ใหม่ รอตรวจคุณภาพก่อนวัดผล,extra,,ff5298f03af3c2c5dac96a9c60f680b40d419e01c58b98a5b7e55261871cab6b,ไม่ใช่,False
f44e3c1dfbb24f67ba33e454ae643162,neutral,person_03,session_03,2026-09-18T11:44:25+07:00,0,unknown,1,accepted,,clips/neutral/f44e3c1dfbb24f67ba33e454ae643162.npy,previews/neutral/f44e3c1dfbb24f67ba33e454ae643162.mp4,30,171,2,คลิปวัดผู้ใช้ใหม่ รอตรวจคุณภาพก่อนวัดผล,extra,,3b927b12423a16b7b54240ef775357d0498d84f31e981596577b607fdacef8f8,neutral,True
fc915883108a433dbf024a5cac1902db,ช่วยด้วย,person_03,session_02,2026-09-18T11:30:48+07:00,0,unknown,1,accepted,,clips/ช่วยด้วย/fc915883108a433dbf024a5cac1902db.npy,previews/ช่วยด้วย/fc915883108a433dbf024a5cac1902db.mp4,30,171,2,คลิปวัดผู้ใช้ใหม่ รอตรวจคุณภาพก่อนวัดผล,extra,,c081fcef38fc7cfd372ea6716801a41dcbf652b78af967e04f7e013b46a5bc5d,ช่วยด้วย,True
ffdd96fc06c64b4eac24726a0e4b545a,หมอ,person_03,session_04,2026-09-22T06:57:52+07:00,0,unknown,1,accepted,,clips/หมอ/ffdd96fc06c64b4eac24726a0e4b545a.npy,previews/หมอ/ffdd96fc06c64b4eac24726a0e4b545a.mp4,30,171,2,คลิปวัดผู้ใช้ใหม่ รอตรวจคุณภาพก่อนวัดผล,extra,,6f98b5bb5b242ed4b1d26045a697c46209d8bf949efb859d05119fc527efd5ae,หมอ,True
